INSERT INTO department (id, name) VALUES
('e1f3c68e-6a05-4d3b-8c5e-cd3b7468f7a9','Physics'),
('e2f3c68e-6a05-4d3b-8c5e-cd3b7468f7a9','Chemistry'),
('e3f3c68e-6a05-4d3b-8c5e-cd3b7468f7a9','Foreing Language'),
('e4f3c68e-6a05-4d3b-8c5e-cd3b7468f7a9','Math'),
('e5f3c68e-6a05-4d3b-8c5e-cd3b7468f7a9','Psychology'),
('e6f3c68e-6a05-4d3b-8c5e-cd3b7468f7a9','History');

INSERT INTO lector (id, full_name, salary, lector_type) VALUES
('e1f3c11e-6a05-4d3b-8c5e-cd3b7468f7a9', 'Ivan Ivanchenko', '10000', 'ASSOCIATE_PROFESSOR'),
('e1f3c12e-6a05-4d3b-8c5e-cd3b7468f7a9', 'Petro Davydenko', '7000', 'ASSISTANT'),
('e1f3c13e-6a05-4d3b-8c5e-cd3b7468f7a9', 'Marta Sira', '8500', 'ASSISTANT'),
('e1f3c14e-6a05-4d3b-8c5e-cd3b7468f7a9', 'Mykyta Zelen', '6000', 'ASSISTANT'),
('e1f3c15e-6a05-4d3b-8c5e-cd3b7468f7a9', 'Ivan Khoma', '17000', 'PROFESSOR'),
('e1f3c16e-6a05-4d3b-8c5e-cd3b7468f7a9', 'Roman Tesliuk', '22000', 'PROFESSOR'),
('e1f3c17e-6a05-4d3b-8c5e-cd3b7468f7a9', 'Ivan Roman', '14000', 'ASSOCIATE_PROFESSOR'),
('e1f3c18e-6a05-4d3b-8c5e-cd3b7468f7a9', 'Davyd Omel', '11000', 'ASSOCIATE_PROFESSOR'),
('e1f3c19e-6a05-4d3b-8c5e-cd3b7468f7a9', 'Vira Kruk', '10200', 'ASSOCIATE_PROFESSOR'),
('e1f3c20e-6a05-4d3b-8c5e-cd3b7468f7a9', 'Mary Vivchuk', '9000', 'ASSOCIATE_PROFESSOR'),
('e1f3c21e-6a05-4d3b-8c5e-cd3b7468f7a9', 'Oleh Fedko', '4000', 'ASSISTANT'),
('e1f3c22e-6a05-4d3b-8c5e-cd3b7468f7a9', 'Serhii Nosenko', '18000', 'PROFESSOR'),
('e1f3c23e-6a05-4d3b-8c5e-cd3b7468f7a9', 'Georgii Mukha', '22000', 'PROFESSOR'),
('e1f3c24e-6a05-4d3b-8c5e-cd3b7468f7a9', 'Petro Hnat', '20000', 'PROFESSOR'),
('e1f3c25e-6a05-4d3b-8c5e-cd3b7468f7a9', 'Roman Kruk', '7000', 'ASSISTANT'),
('e1f3c26e-6a05-4d3b-8c5e-cd3b7468f7a9', 'Denys Remchyk', '10500', 'ASSOCIATE_PROFESSOR'),
('e1f3c27e-6a05-4d3b-8c5e-cd3b7468f7a9', 'Olha Smotrych', '13000', 'ASSOCIATE_PROFESSOR');

INSERT INTO lector_department (lector_id, department_id, is_head) VALUES
('e1f3c11e-6a05-4d3b-8c5e-cd3b7468f7a9', 'e1f3c68e-6a05-4d3b-8c5e-cd3b7468f7a9', '0'),
('e1f3c11e-6a05-4d3b-8c5e-cd3b7468f7a9', 'e2f3c68e-6a05-4d3b-8c5e-cd3b7468f7a9', '0'),
('e1f3c13e-6a05-4d3b-8c5e-cd3b7468f7a9', 'e2f3c68e-6a05-4d3b-8c5e-cd3b7468f7a9', '0'),
('e1f3c14e-6a05-4d3b-8c5e-cd3b7468f7a9', 'e2f3c68e-6a05-4d3b-8c5e-cd3b7468f7a9', '0'),
('e1f3c15e-6a05-4d3b-8c5e-cd3b7468f7a9', 'e3f3c68e-6a05-4d3b-8c5e-cd3b7468f7a9', '1'),
('e1f3c15e-6a05-4d3b-8c5e-cd3b7468f7a9', 'e6f3c68e-6a05-4d3b-8c5e-cd3b7468f7a9', '1'),
('e1f3c16e-6a05-4d3b-8c5e-cd3b7468f7a9', 'e2f3c68e-6a05-4d3b-8c5e-cd3b7468f7a9', '1'),
('e1f3c17e-6a05-4d3b-8c5e-cd3b7468f7a9', 'e2f3c68e-6a05-4d3b-8c5e-cd3b7468f7a9', '0'),
('e1f3c17e-6a05-4d3b-8c5e-cd3b7468f7a9', 'e5f3c68e-6a05-4d3b-8c5e-cd3b7468f7a9', '1'),
('e1f3c18e-6a05-4d3b-8c5e-cd3b7468f7a9', 'e5f3c68e-6a05-4d3b-8c5e-cd3b7468f7a9', '0'),
('e1f3c19e-6a05-4d3b-8c5e-cd3b7468f7a9', 'e5f3c68e-6a05-4d3b-8c5e-cd3b7468f7a9', '0'),
('e1f3c20e-6a05-4d3b-8c5e-cd3b7468f7a9', 'e4f3c68e-6a05-4d3b-8c5e-cd3b7468f7a9', '0'),
('e1f3c21e-6a05-4d3b-8c5e-cd3b7468f7a9', 'e4f3c68e-6a05-4d3b-8c5e-cd3b7468f7a9', '0'),
('e1f3c23e-6a05-4d3b-8c5e-cd3b7468f7a9', 'e4f3c68e-6a05-4d3b-8c5e-cd3b7468f7a9', '1'),
('e1f3c18e-6a05-4d3b-8c5e-cd3b7468f7a9', 'e4f3c68e-6a05-4d3b-8c5e-cd3b7468f7a9', '0'),
('e1f3c12e-6a05-4d3b-8c5e-cd3b7468f7a9', 'e4f3c68e-6a05-4d3b-8c5e-cd3b7468f7a9', '0'),
('e1f3c24e-6a05-4d3b-8c5e-cd3b7468f7a9', 'e2f3c68e-6a05-4d3b-8c5e-cd3b7468f7a9', '0'),
('e1f3c25e-6a05-4d3b-8c5e-cd3b7468f7a9', 'e2f3c68e-6a05-4d3b-8c5e-cd3b7468f7a9', '0'),
('e1f3c26e-6a05-4d3b-8c5e-cd3b7468f7a9', 'e2f3c68e-6a05-4d3b-8c5e-cd3b7468f7a9', '0'),
('e1f3c27e-6a05-4d3b-8c5e-cd3b7468f7a9', 'e1f3c68e-6a05-4d3b-8c5e-cd3b7468f7a9', '1'),
('e1f3c27e-6a05-4d3b-8c5e-cd3b7468f7a9', 'e6f3c68e-6a05-4d3b-8c5e-cd3b7468f7a9', '0');
